Identifier,Method,Basis Set,Number of Basis Functions,Charge,Multiplicity,Molecular Weight,RAM Used (MB),Number of Processors,Total CPU Time (s),Electronic Energy (HF),Enthalpy (HF),Entropy (HF),Gibbs Free Energy (HF),Vibrational Frequency 6 (cm-1),Vibrational Frequency 7 (cm-1),Vibrational Frequency 8 (cm-1),Vibrational Frequency 9 (cm-1),Error Code,Smallest log10(kcal mol-1) SCF Energy Diff
CUBNUI_CREST1,WB97M-D3BJ,def2-TZVP,463.0,0.0,1.0,190.16,941.4,8.0,19459.0,-720.85092137,-720.65716274,0.05315457,-720.71031731,45.46,52.91,74.18,79.18,,-5.810734938063069
CUBNUI_CREST10,WB97M-D3BJ,def2-TZVP,463.0,0.0,1.0,190.16,941.8,8.0,23755.0,-720.85472127,-720.66126028,0.05344713,-720.71470741,46.49,51.63,58.74,74.8,,-5.606169347965634
CUBNUI_CREST11,WB97M-D3BJ,def2-TZVP,463.0,0.0,1.0,190.16,939.2,8.0,14305.0,-720.85853334,-720.66541151,0.05394061,-720.71935212,34.48,44.42,51.88,70.15,,-5.2016488058523365
CUBNUI_CREST12,WB97M-D3BJ,def2-TZVP,463.0,0.0,1.0,190.16,939.8,8.0,18086.0,-720.85321502,-720.65985237,0.05463094,-720.71448331,8.06,49.3,59.37,66.24,,-5.461756867170427
CUBNUI_CREST13,WB97M-D3BJ,def2-TZVP,463.0,0.0,1.0,190.16,940.0,8.0,18472.0,-720.85369045,-720.66020748,0.0538905,-720.71409798,35.18,38.99,55.57,63.32,,-5.4007876249272755
CUBNUI_CREST14,WB97M-D3BJ,def2-TZVP,463.0,0.0,1.0,190.16,939.4,8.0,26299.0,-720.85733386,-720.6644418,0.05401091,-720.71845271,36.64,42.67,51.45,52.13,,-5.337680253886238
CUBNUI_CREST15,WB97M-D3BJ,def2-TZVP,463.0,0.0,1.0,190.16,958.2,8.0,34301.0,-720.85589815,-720.66287135,0.05431513,-720.71718648,26.96,42.52,46.92,63.78,,-5.504071009552972
CUBNUI_CREST16,WB97M-D3BJ,def2-TZVP,463.0,0.0,1.0,190.16,939.5,8.0,30471.0,-720.85850756,-720.66529496,0.05371255,-720.71900751,40.21,47.36,58.57,73.26,,-7.020217893662995
CUBNUI_CREST17,WB97M-D3BJ,def2-TZVP,463.0,0.0,1.0,190.16,939.7,8.0,17201.0,-720.85612969,-720.66285862,0.05343473,-720.71629335,37.85,56.16,59.19,87.19,,-6.388670997795
CUBNUI_CREST18,WB97M-D3BJ,def2-TZVP,463.0,0.0,1.0,190.16,939.8,8.0,47922.0,-720.85466245,-720.66122669,0.05359121,-720.7148179,44.14,49.73,57.57,67.12,,-5.404483237395702
CUBNUI_CREST19,WB97M-D3BJ,def2-TZVP,463.0,0.0,1.0,190.16,939.6,8.0,18117.0,-720.85567801,-720.66246486,0.05331044,-720.7157753,39.43,55.55,66.79,87.25,,-7.1466740070947985
CUBNUI_CREST2,WB97M-D3BJ,def2-TZVP,463.0,0.0,1.0,190.16,972.5,8.0,32454.0,-720.8532939,-720.65979176,0.05405031,-720.71384207,23.33,39.75,50.02,62.15,,-5.747485027970284
CUBNUI_CREST20,WB97M-D3BJ,def2-TZVP,463.0,0.0,1.0,190.16,939.4,8.0,27674.0,-720.85733958,-720.66438875,0.05391273,-720.71830148,43.96,47.47,49.64,54.51,,-5.137835464575862
CUBNUI_CREST21,WB97M-D3BJ,def2-TZVP,463.0,0.0,1.0,190.16,941.9,8.0,20526.0,-720.8536419,-720.6601331,0.0538918,-720.71402489,36.13,37.86,53.2,67.97,,-6.386100753150405
CUBNUI_CREST22,WB97M-D3BJ,def2-TZVP,463.0,0.0,1.0,190.16,944.1,8.0,20637.0,-720.85371891,-720.66020302,0.0539321,-720.71413512,39.21,40.24,58.46,72.58,,-5.30472669717198
CUBNUI_CREST23,WB97M-D3BJ,def2-TZVP,463.0,0.0,1.0,190.16,941.7,8.0,14174.0,-720.85665247,-720.66330508,0.05379937,-720.71710445,31.15,48.09,58.79,72.21,,-5.5671647883844955
CUBNUI_CREST24,WB97M-D3BJ,def2-TZVP,463.0,0.0,1.0,190.16,939.5,8.0,14364.0,-720.85850952,-720.66530439,0.05371719,-720.71902159,43.43,48.05,57.32,69.86,,-5.821815618895931
CUBNUI_CREST25,WB97M-D3BJ,def2-TZVP,463.0,0.0,1.0,190.16,936.5,8.0,21452.0,-720.85420948,-720.66074541,0.05402149,-720.7147669,32.39,45.6,56.69,65.19,,-5.915867578625916
CUBNUI_CREST26,WB97M-D3BJ,def2-TZVP,463.0,0.0,1.0,190.16,940.1,8.0,19577.0,-720.8538966,-720.6605067,0.05405619,-720.71456289,20.65,37.56,52.56,55.88,,-5.323160654057808
CUBNUI_CREST27,WB97M-D3BJ,def2-TZVP,463.0,0.0,1.0,190.16,939.6,8.0,19431.0,-720.85674443,-720.66359712,0.05395021,-720.71754733,35.45,40.07,52.17,70.4,,-5.696301712139552
CUBNUI_CREST28,WB97M-D3BJ,def2-TZVP,463.0,0.0,1.0,190.16,939.5,8.0,23642.0,-720.85427788,-720.66061903,0.05389766,-720.71451669,33.67,47.12,55.47,63.55,,-5.682184459660827
CUBNUI_CREST29,WB97M-D3BJ,def2-TZVP,463.0,0.0,1.0,190.16,940.2,8.0,21458.0,-720.85386391,-720.66028636,0.05361312,-720.71389949,35.46,50.36,65.19,83.6,,-5.250875897983312
CUBNUI_CREST3,WB97M-D3BJ,def2-TZVP,463.0,0.0,1.0,190.16,943.2,8.0,29260.0,-720.85792067,-720.6649742,0.05413738,-720.71911158,35.05,47.05,52.77,64.15,,-5.6853856252281485
CUBNUI_CREST30,WB97M-D3BJ,def2-TZVP,463.0,0.0,1.0,190.16,941.8,8.0,20757.0,-720.8536215,-720.66011897,0.05423168,-720.71435066,21.39,35.63,47.44,64.8,,-5.7249713881482105
CUBNUI_CREST31,WB97M-D3BJ,def2-TZVP,463.0,0.0,1.0,190.16,939.7,8.0,17587.0,-720.85409688,-720.66082654,0.05411184,-720.71493838,27.06,35.09,66.55,69.55,,-4.8463611891604295
CUBNUI_CREST32,WB97M-D3BJ,def2-TZVP,463.0,0.0,1.0,190.16,941.4,8.0,18307.0,-720.85605428,-720.66294936,0.05398172,-720.71693108,40.12,44.48,56.45,71.03,,-5.557528986142715
CUBNUI_CREST33,WB97M-D3BJ,def2-TZVP,463.0,0.0,1.0,190.16,941.5,8.0,20258.0,-720.8486841,-720.65490126,0.05322502,-720.70812629,38.33,58.54,72.92,83.47,,-5.886936820343533
CUBNUI_CREST34,WB97M-D3BJ,def2-TZVP,463.0,0.0,1.0,190.16,954.6,8.0,22224.0,-720.8549793,-720.66163527,0.05387412,-720.71550939,32.08,47.06,55.71,64.31,,-5.419588428946888
CUBNUI_CREST35,WB97M-D3BJ,def2-TZVP,463.0,0.0,1.0,190.16,940.5,8.0,36010.0,-720.85189886,-720.65816406,0.05364691,-720.71181097,30.0,52.76,61.88,76.2,,-5.686648634582508
CUBNUI_CREST36,WB97M-D3BJ,def2-TZVP,463.0,0.0,1.0,190.16,936.5,8.0,28076.0,-720.85327322,-720.65995365,0.05436686,-720.71432052,17.72,27.05,53.59,70.83,,-5.465794832667988
CUBNUI_CREST37,WB97M-D3BJ,def2-TZVP,463.0,0.0,1.0,190.16,943.0,8.0,20860.0,-720.85232653,-720.65899783,0.05322635,-720.71222418,49.87,67.73,84.6,93.74,,-5.366702539672827
CUBNUI_CREST38,WB97M-D3BJ,def2-TZVP,463.0,0.0,1.0,190.16,939.8,8.0,20544.0,-720.85381673,-720.66033482,0.05382892,-720.71416373,31.55,43.7,66.64,79.21,,-5.315290607870653
CUBNUI_CREST39,WB97M-D3BJ,def2-TZVP,463.0,0.0,1.0,190.16,939.9,8.0,24453.0,-720.85397058,-720.66060416,0.05379463,-720.71439879,15.54,57.82,59.02,79.35,,-5.192479755278937
CUBNUI_CREST4,WB97M-D3BJ,def2-TZVP,463.0,0.0,1.0,190.16,940.0,8.0,33946.0,-720.85407518,-720.6604669,0.05365441,-720.71412131,41.06,43.65,54.42,76.79,,-5.526121562365364
CUBNUI_CREST40,WB97M-D3BJ,def2-TZVP,463.0,0.0,1.0,190.16,939.4,8.0,54318.0,-720.85855634,-720.66528974,0.05372779,-720.71901753,44.04,44.74,55.59,74.08,,-5.499545428059827
CUBNUI_CREST41,WB97M-D3BJ,def2-TZVP,463.0,0.0,1.0,190.16,936.7,8.0,17501.0,-720.85364759,-720.66023211,0.0541924,-720.71442451,28.85,35.25,48.0,67.09,,-5.374660524049291
CUBNUI_CREST42,WB97M-D3BJ,def2-TZVP,463.0,0.0,1.0,190.16,943.6,8.0,18066.0,-720.85370553,-720.66055753,0.05391897,-720.7144765,25.64,44.8,54.29,79.01,,-5.07371863248662
CUBNUI_CREST43,WB97M-D3BJ,def2-TZVP,463.0,0.0,1.0,190.16,939.5,8.0,28105.0,-720.85857832,-720.66550276,0.05377787,-720.71928063,44.84,48.39,54.99,69.89,,-6.524667334087994
CUBNUI_CREST44,WB97M-D3BJ,def2-TZVP,463.0,0.0,1.0,190.16,941.7,8.0,17566.0,-720.85148773,-720.65788776,0.05395874,-720.7118465,27.52,38.61,47.65,72.95,,-5.628186388892237
CUBNUI_CREST45,WB97M-D3BJ,def2-TZVP,463.0,0.0,1.0,190.16,939.8,8.0,17870.0,-720.85186306,-720.65827055,0.05393175,-720.7122023,33.3,46.73,56.12,74.52,,-5.2383176871300865
CUBNUI_CREST46,WB97M-D3BJ,def2-TZVP,463.0,0.0,1.0,190.16,1063.1,8.0,30043.0,-720.8567349,-720.66352342,0.0541217,-720.71764511,30.4,39.14,46.5,66.8,,-6.348576075032313
CUBNUI_CREST47,WB97M-D3BJ,def2-TZVP,463.0,0.0,1.0,190.16,941.0,8.0,18119.0,-720.85222943,-720.65896684,0.05327467,-720.71224151,55.16,71.22,84.23,88.31,,-5.623708411602812
CUBNUI_CREST48,WB97M-D3BJ,def2-TZVP,463.0,0.0,1.0,190.16,939.6,8.0,29848.0,-720.85407215,-720.6603002,0.05388496,-720.71418515,27.27,44.85,47.41,70.79,,-5.607547703749408
CUBNUI_CREST49,WB97M-D3BJ,def2-TZVP,463.0,0.0,1.0,190.16,943.4,8.0,37230.0,-720.85665965,-720.6634737,0.05397513,-720.71744883,31.83,43.74,49.25,66.99,,-5.607422217753013
CUBNUI_CREST5,WB97M-D3BJ,def2-TZVP,463.0,0.0,1.0,190.16,940.9,8.0,18555.0,-720.85235313,-720.65925205,0.05335212,-720.71260417,61.24,72.37,78.11,87.84,,-5.252823509381052
CUBNUI_CREST50,WB97M-D3BJ,def2-TZVP,463.0,0.0,1.0,190.16,936.8,8.0,15709.0,-720.85463032,-720.66109325,0.05368663,-720.71477988,35.64,43.47,73.74,79.67,,-5.503655842382629
CUBNUI_CREST51,WB97M-D3BJ,def2-TZVP,463.0,0.0,1.0,190.16,935.8,8.0,21378.0,-720.85571569,-720.66264772,0.05398965,-720.71663737,38.21,41.44,48.27,53.21,,-5.444053939024162
CUBNUI_CREST52,WB97M-D3BJ,def2-TZVP,463.0,0.0,1.0,190.16,939.2,8.0,22871.0,-720.85572572,-720.66271889,0.05408135,-720.71680024,38.17,41.93,44.31,51.38,,-5.075123367727866
CUBNUI_CREST53,WB97M-D3BJ,def2-TZVP,463.0,0.0,1.0,190.16,939.7,8.0,29085.0,-720.85407239,-720.66071613,0.05382804,-720.71454418,31.81,40.26,58.38,68.01,,-5.229115986269362
CUBNUI_CREST54,WB97M-D3BJ,def2-TZVP,463.0,0.0,1.0,190.16,941.3,8.0,16292.0,-720.85496338,-720.66161946,0.05396589,-720.71558534,29.31,41.86,48.55,75.63,,-5.29241656040196
CUBNUI_CREST55,WB97M-D3BJ,def2-TZVP,463.0,0.0,1.0,190.16,940.5,8.0,30737.0,-720.85201438,-720.65827434,0.05404014,-720.71231448,24.97,46.54,55.04,74.06,,-5.52877244408247
CUBNUI_CREST56,WB97M-D3BJ,def2-TZVP,463.0,0.0,1.0,190.16,940.9,8.0,27028.0,-720.85737165,-720.66446532,0.05396832,-720.71843364,37.3,41.59,49.76,55.73,,-5.203387289962753
CUBNUI_CREST57,WB97M-D3BJ,def2-TZVP,463.0,0.0,1.0,190.16,941.6,8.0,55863.0,-720.85853283,-720.66537993,0.05387322,-720.71925316,35.79,42.6,55.48,70.37,,-6.192817708869813
CUBNUI_CREST58,WB97M-D3BJ,def2-TZVP,463.0,0.0,1.0,190.16,1015.9,8.0,17394.0,-720.85685928,-720.66356206,0.05387654,-720.71743859,33.38,42.93,49.36,74.82,,-5.893820976114906
CUBNUI_CREST59,WB97M-D3BJ,def2-TZVP,463.0,0.0,1.0,190.16,941.4,8.0,29516.0,-720.85331039,-720.65943616,0.05366362,-720.71309978,27.69,41.76,51.0,52.03,,-5.627923243899999
CUBNUI_CREST6,WB97M-D3BJ,def2-TZVP,463.0,0.0,1.0,190.16,940.0,8.0,15844.0,-720.85451973,-720.66112168,0.05396813,-720.71508981,31.34,39.63,68.77,74.55,,-5.3734435808652155
CUBNUI_CREST60,WB97M-D3BJ,def2-TZVP,463.0,0.0,1.0,190.16,962.6,8.0,34214.0,-720.85583774,-720.66274043,0.05400073,-720.71674116,34.07,42.54,47.96,54.46,,-5.667761368165493
CUBNUI_CREST61,WB97M-D3BJ,def2-TZVP,463.0,0.0,1.0,190.16,940.0,8.0,17582.0,-720.8515271,-720.6579954,0.05415095,-720.71214635,23.36,40.76,58.37,74.78,,-5.903139905262737
CUBNUI_CREST62,WB97M-D3BJ,def2-TZVP,463.0,0.0,1.0,190.16,939.2,8.0,18673.0,-720.85605917,-720.6629546,0.05407437,-720.71702897,39.1,39.92,53.3,68.33,,-5.624490689476112
CUBNUI_CREST63,WB97M-D3BJ,def2-TZVP,463.0,0.0,1.0,190.16,939.8,8.0,18183.0,-720.85754816,-720.66429191,0.05300104,-720.71729295,45.44,54.14,72.51,81.62,,-5.303840190482644
CUBNUI_CREST64,WB97M-D3BJ,def2-TZVP,463.0,0.0,1.0,190.16,939.4,8.0,55860.0,-720.85736918,-720.6643712,0.05391456,-720.71828576,36.95,49.21,53.95,55.95,,-5.046082923959597
CUBNUI_CREST65,WB97M-D3BJ,def2-TZVP,463.0,0.0,1.0,190.16,939.7,8.0,17716.0,-720.85751869,-720.66420299,0.05308702,-720.71729001,44.15,50.15,69.39,78.54,,-5.311757613203197
CUBNUI_CREST66,WB97M-D3BJ,def2-TZVP,463.0,0.0,1.0,190.16,1027.4,8.0,23644.0,-720.85216862,-720.65857424,0.0541502,-720.71272444,22.59,30.95,44.21,50.54,,-5.252623920420656
CUBNUI_CREST67,WB97M-D3BJ,def2-TZVP,463.0,0.0,1.0,190.16,941.7,8.0,53602.0,-720.85584638,-720.66287222,0.05398344,-720.71685567,36.09,48.92,51.26,56.12,,-5.709399209684675
CUBNUI_CREST68,WB97M-D3BJ,def2-TZVP,463.0,0.0,1.0,190.16,939.4,8.0,27229.0,-720.85729059,-720.6643988,0.05418239,-720.71858119,38.26,39.63,48.54,51.56,,-5.944458231293668
CUBNUI_CREST69,WB97M-D3BJ,def2-TZVP,463.0,0.0,1.0,190.16,939.4,8.0,15977.0,-720.85406858,-720.66095921,0.05454344,-720.71550265,28.38,34.74,38.12,52.43,,-5.369813078599364
CUBNUI_CREST7,WB97M-D3BJ,def2-TZVP,463.0,0.0,1.0,190.16,935.9,8.0,16692.0,-720.85851888,-720.66538321,0.05380621,-720.71918942,37.14,46.5,56.69,74.0,,-5.468720487012789
CUBNUI_CREST70,WB97M-D3BJ,def2-TZVP,463.0,0.0,1.0,190.16,939.4,8.0,19889.0,-720.85419453,-720.66106037,0.05417646,-720.71523683,32.49,34.66,45.24,51.21,,-6.107656685097387
CUBNUI_CREST71,WB97M-D3BJ,def2-TZVP,463.0,0.0,1.0,190.16,940.5,8.0,15433.0,-720.85464373,-720.66164114,0.05443213,-720.71607327,23.17,40.65,50.24,53.54,,-5.968330268118579
CUBNUI_CREST72,WB97M-D3BJ,def2-TZVP,463.0,0.0,1.0,190.16,939.8,8.0,20962.0,-720.85282775,-720.65936368,0.05381138,-720.71317506,31.03,47.23,53.49,64.52,,-5.589961532884936
CUBNUI_CREST73,WB97M-D3BJ,def2-TZVP,463.0,0.0,1.0,190.16,940.0,8.0,21875.0,-720.85377241,-720.66028964,0.05388473,-720.71417437,42.63,48.32,54.96,79.24,,-5.787331890322431
CUBNUI_CREST74,WB97M-D3BJ,def2-TZVP,463.0,0.0,1.0,190.16,938.8,8.0,25661.0,-720.85585734,-720.6627299,0.0547244,-720.7174543,12.11,47.68,52.75,57.68,,-5.577253275800887
CUBNUI_CREST75,WB97M-D3BJ,def2-TZVP,463.0,0.0,1.0,190.16,939.7,8.0,21460.0,-720.8541683,-720.66080733,0.05403972,-720.71484705,31.96,39.67,44.68,57.64,,-5.2206713074942535
CUBNUI_CREST76,WB97M-D3BJ,def2-TZVP,463.0,0.0,1.0,190.16,939.7,8.0,18575.0,-720.85311872,-720.6596876,0.05350076,-720.71318836,22.04,55.13,68.93,78.51,,-5.3537642752110095
CUBNUI_CREST77,WB97M-D3BJ,def2-TZVP,463.0,0.0,1.0,190.16,943.6,8.0,22556.0,-720.85424434,-720.66104527,0.05380389,-720.71484916,38.73,41.66,53.85,55.54,,-5.258606893687362
CUBNUI_CREST78,WB97M-D3BJ,def2-TZVP,463.0,0.0,1.0,190.16,939.9,8.0,21795.0,-720.85302404,-720.65945636,0.05350995,-720.7129663,44.01,53.34,64.43,69.75,,-5.069953482973963
CUBNUI_CREST8,WB97M-D3BJ,def2-TZVP,463.0,0.0,1.0,190.16,939.5,8.0,15821.0,-720.85416322,-720.66084742,0.05396075,-720.71480817,33.7,38.31,64.86,72.85,,-5.718344796373111
CUBNUI_CREST9,WB97M-D3BJ,def2-TZVP,463.0,0.0,1.0,190.16,941.5,8.0,14273.0,-720.85667587,-720.6633247,0.05381001,-720.71713472,32.58,46.25,57.57,71.68,,-5.728936670037728
REGXAC_CREST1,WB97M-D3BJ,def2-TZVP,904.0,0.0,1.0,311.52,1440.6,8.0,146824.0,-944.4094724,-943.83473905,0.07029464,-943.90503369,41.18,63.4,82.9,96.51,,-4.415359280340862
REGXAC_CREST10,WB97M-D3BJ,def2-TZVP,904.0,0.0,1.0,311.52,235.0,16.0,1142440.0,-944.412545617697,,,,,,,,Optimization Did Not Converge,-5.093980065169831
REGXAC_CREST100,WB97M-D3BJ,def2-TZVP,904.0,0.0,1.0,311.52,1442.6,8.0,285663.0,-944.4040453,-943.82910912,0.07029879,-943.89940791,34.86,52.47,61.86,79.92,,-4.739228712983344
REGXAC_CREST101,WB97M-D3BJ,def2-TZVP,904.0,0.0,1.0,311.52,802.2,32.0,307464.0,-944.40726004,-943.83268218,0.06942328,-943.90210546,56.62,80.77,100.21,103.11,,-4.483768917905094
REGXAC_CREST102,WB97M-D3BJ,def2-TZVP,904.0,0.0,1.0,311.52,1443.9,8.0,168525.0,-944.40989362,-943.8343855,0.06981152,-943.90419702,37.64,54.95,77.06,93.46,,-5.130008303302287
REGXAC_CREST103,WB97M-D3BJ,def2-TZVP,904.0,0.0,1.0,311.52,236.1,16.0,1179360.0,-944.402110031009,,,,,,,,Optimization Did Not Converge,-4.400996620562798
REGXAC_CREST104,WB97M-D3BJ,def2-TZVP,904.0,0.0,1.0,311.52,1443.7,8.0,120116.0,-944.3964077,-943.82171344,0.07059283,-943.89230628,51.61,56.65,63.07,76.96,,-5.225924745819091
REGXAC_CREST105,WB97M-D3BJ,def2-TZVP,904.0,0.0,1.0,311.52,1443.0,8.0,127290.0,-944.40762986,-943.83079875,0.06919987,-943.89999861,57.0,72.76,80.26,104.67,,-5.114700318003082
REGXAC_CREST106,WB97M-D3BJ,def2-TZVP,904.0,0.0,1.0,311.52,233.0,16.0,1002065.0,-944.409131420344,,,,,,,,Optimization Did Not Converge,-4.77235100145321
REGXAC_CREST107,WB97M-D3BJ,def2-TZVP,904.0,0.0,1.0,311.52,1440.7,8.0,138043.0,-944.41251751,-943.83728329,0.06949736,-943.90678065,56.69,64.74,82.64,99.71,,-4.471060618698092
REGXAC_CREST108,WB97M-D3BJ,def2-TZVP,904.0,0.0,1.0,311.52,1440.9,16.0,268177.0,-944.40902229,-943.82949245,0.06784593,-943.89733838,-634.63,61.76,69.54,89.97,,-4.436035462821624
REGXAC_CREST109,WB97M-D3BJ,def2-TZVP,904.0,0.0,1.0,311.52,1440.2,8.0,121313.0,-944.40245913,-943.82742261,0.0703019,-943.89772451,35.49,69.89,77.88,92.27,,-4.410459229331758
REGXAC_CREST11,WB97M-D3BJ,def2-TZVP,904.0,0.0,1.0,311.52,1442.5,8.0,146699.0,-944.41276512,-943.83869099,0.07044422,-943.90913521,42.79,59.68,69.74,75.19,,-6.208354463752643
REGXAC_CREST110,WB97M-D3BJ,def2-TZVP,904.0,0.0,1.0,311.52,1442.1,16.0,257095.0,-944.39791685,-943.82157047,0.07058809,-943.89215855,38.98,56.35,67.08,108.33,,-5.0167393294381455
REGXAC_CREST111,WB97M-D3BJ,def2-TZVP,904.0,0.0,1.0,311.52,1447.8,8.0,150509.0,-944.40005048,-943.82411565,0.07019076,-943.89430641,46.93,60.15,70.5,86.62,,-4.159079236856628
REGXAC_CREST112,WB97M-D3BJ,def2-TZVP,904.0,0.0,1.0,311.52,1442.5,8.0,149357.0,-944.40937867,-943.83499433,0.07023851,-943.90523284,44.01,65.53,74.57,85.96,,-4.755703592932183
REGXAC_CREST113,WB97M-D3BJ,def2-TZVP,904.0,0.0,1.0,311.52,1442.8,8.0,123120.0,-944.40264492,-943.82719,0.06958277,-943.89677277,58.65,75.42,80.36,94.84,,-5.0311833173227365
REGXAC_CREST114,WB97M-D3BJ,def2-TZVP,904.0,0.0,1.0,311.52,1441.6,16.0,925286.0,-944.41386362,-943.83343852,0.06717952,-943.90061804,-1275.12,65.68,75.77,102.63,,-5.6389260480549845
REGXAC_CREST115,WB97M-D3BJ,def2-TZVP,904.0,0.0,1.0,311.52,1442.4,8.0,161108.0,-944.40619692,-943.83092128,0.07077568,-943.90169696,22.06,57.15,72.36,79.88,,-4.661105888074446
REGXAC_CREST116,WB97M-D3BJ,def2-TZVP,904.0,0.0,1.0,311.52,1441.8,8.0,126964.0,-944.39788125,-943.82296851,0.07041765,-943.89338616,40.65,65.85,71.7,90.57,,-5.699267878355428
REGXAC_CREST117,WB97M-D3BJ,def2-TZVP,904.0,0.0,1.0,311.52,234.5,16.0,1146914.0,-944.411745114414,,,,,,,,Optimization Did Not Converge,-4.082765973084913
REGXAC_CREST118,WB97M-D3BJ,def2-TZVP,904.0,0.0,1.0,311.52,1443.8,16.0,224221.0,-944.40380337,-943.8298301,0.07055864,-943.90038875,59.3,69.49,77.05,88.68,,-4.563425343153212
REGXAC_CREST119,WB97M-D3BJ,def2-TZVP,904.0,0.0,1.0,311.52,1447.1,8.0,150850.0,-944.40154346,-943.82678577,0.07088606,-943.89767183,29.65,71.3,79.95,99.63,,-4.312617169480434
REGXAC_CREST12,WB97M-D3BJ,def2-TZVP,904.0,0.0,1.0,311.52,1444.4,8.0,327039.0,-944.41372267,-943.83923829,0.07035252,-943.90959081,39.57,58.61,72.55,78.81,,-4.695630958426279
REGXAC_CREST120,WB97M-D3BJ,def2-TZVP,904.0,0.0,1.0,311.52,233.2,16.0,1080964.0,-944.406556169464,,,,,,,,Optimization Did Not Converge,-5.723493691990012
REGXAC_CREST121,WB97M-D3BJ,def2-TZVP,904.0,0.0,1.0,311.52,1442.8,8.0,154658.0,-944.40596403,-943.83048497,0.07007097,-943.90055594,45.79,62.75,66.96,83.43,,-4.121682914518156
REGXAC_CREST122,WB97M-D3BJ,def2-TZVP,904.0,0.0,1.0,311.52,1446.0,8.0,225093.0,-944.40404272,-943.82850718,0.06973719,-943.89824437,52.66,63.79,71.27,90.8,,-4.90565577440991
REGXAC_CREST123,WB97M-D3BJ,def2-TZVP,904.0,0.0,1.0,311.52,1442.7,8.0,119865.0,-944.39570347,-943.82134746,0.07077603,-943.89212349,42.03,64.16,69.14,93.52,,-4.826536032919398
REGXAC_CREST124,WB97M-D3BJ,def2-TZVP,904.0,0.0,1.0,311.52,1447.5,8.0,117686.0,-944.39928054,-943.82408864,0.06983755,-943.89392619,52.41,62.88,68.77,93.81,,-5.535801006714747
REGXAC_CREST125,WB97M-D3BJ,def2-TZVP,904.0,0.0,1.0,311.52,1444.2,8.0,256326.0,-944.4107313,-943.83663073,0.07052274,-943.90715347,53.84,59.61,68.66,78.77,,-4.508960183417408
REGXAC_CREST126,WB97M-D3BJ,def2-TZVP,904.0,0.0,1.0,311.52,1444.9,8.0,157331.0,-944.40378323,-943.8281675,0.06971277,-943.89788027,50.25,72.62,77.81,94.24,,-5.660101856576443
REGXAC_CREST127,WB97M-D3BJ,def2-TZVP,904.0,0.0,1.0,311.52,1442.6,8.0,148444.0,-944.40089533,-943.82594887,0.07111755,-943.89706642,34.59,45.6,63.46,82.3,,-5.064693365053948
REGXAC_CREST128,WB97M-D3BJ,def2-TZVP,904.0,0.0,1.0,311.52,1446.3,8.0,165283.0,-944.39989627,-943.82423014,0.07056545,-943.89479558,30.02,47.09,68.42,76.04,,-4.586958848823345
REGXAC_CREST129,WB97M-D3BJ,def2-TZVP,904.0,0.0,1.0,311.52,1441.3,8.0,136033.0,-944.40446395,-943.82982721,0.06985365,-943.89968086,47.62,62.84,68.3,85.26,,-4.841417246750549
REGXAC_CREST13,WB97M-D3BJ,def2-TZVP,904.0,0.0,1.0,311.52,1447.7,8.0,154233.0,-944.39919782,-943.82439667,0.0702818,-943.89467847,41.02,67.82,76.41,96.4,,-4.237346952044556
REGXAC_CREST130,WB97M-D3BJ,def2-TZVP,904.0,0.0,1.0,311.52,234.6,16.0,1104791.0,-944.413429612908,,,,,,,,Optimization Did Not Converge,-4.439396865721206
REGXAC_CREST131,WB97M-D3BJ,def2-TZVP,904.0,0.0,1.0,311.52,1443.8,8.0,150551.0,-944.40286311,-943.82761802,0.06916954,-943.89678756,48.31,69.01,77.58,97.27,,-4.703342163987745
REGXAC_CREST132,WB97M-D3BJ,def2-TZVP,904.0,0.0,1.0,311.52,1442.2,16.0,215711.0,-944.4033537,-943.82829894,0.0699078,-943.89820674,62.46,65.75,84.22,99.19,,-3.9267679391305417
REGXAC_CREST133,WB97M-D3BJ,def2-TZVP,904.0,0.0,1.0,311.52,1447.0,8.0,209111.0,-944.40449228,-943.82986238,0.07047227,-943.90033465,45.63,69.96,75.29,96.08,,-4.8185962718445845
REGXAC_CREST134,WB97M-D3BJ,def2-TZVP,904.0,0.0,1.0,311.52,233.0,16.0,1128838.0,-944.406550262128,,,,,,,,Optimization Did Not Converge,-4.357711335079624
REGXAC_CREST135,WB97M-D3BJ,def2-TZVP,904.0,0.0,1.0,311.52,800.8,32.0,231768.0,-944.40369986,-943.82814417,0.06911136,-943.89725553,48.45,68.43,85.88,113.65,,-5.399479789405342
REGXAC_CREST136,WB97M-D3BJ,def2-TZVP,904.0,0.0,1.0,311.52,1444.5,8.0,124645.0,-944.41217399,-943.83704958,0.06966124,-943.90671082,53.61,61.01,83.7,90.4,,-4.2537628081150975
REGXAC_CREST137,WB97M-D3BJ,def2-TZVP,904.0,0.0,1.0,311.52,1445.7,8.0,131635.0,-944.40965636,-943.83508551,0.07023107,-943.90531658,52.37,67.16,78.11,96.24,,-6.274401160870593
REGXAC_CREST138,WB97M-D3BJ,def2-TZVP,904.0,0.0,1.0,311.52,1444.5,8.0,139796.0,-944.40031854,-943.82482741,0.06994601,-943.89477342,54.48,65.55,70.26,90.58,,-5.468155628054685
REGXAC_CREST139,WB97M-D3BJ,def2-TZVP,904.0,0.0,1.0,311.52,425.5,32.0,,,,,,,,,,"Unknown Error, probably timeout",-4.475523388973027
REGXAC_CREST14,WB97M-D3BJ,def2-TZVP,904.0,0.0,1.0,311.52,1443.3,8.0,134477.0,-944.40794577,-943.83408875,0.0704252,-943.90451394,38.97,50.58,71.4,77.92,,-5.420501223570051
REGXAC_CREST140,WB97M-D3BJ,def2-TZVP,904.0,0.0,1.0,311.52,1445.2,8.0,114470.0,-944.41023473,-943.83622725,0.07021836,-943.9064456,49.27,58.83,78.67,89.83,,-4.57404400484341
REGXAC_CREST141,WB97M-D3BJ,def2-TZVP,904.0,0.0,1.0,311.52,1442.1,16.0,174481.0,-944.39931888,-943.82400494,0.06995913,-943.89396407,48.41,62.7,80.89,93.85,,-5.356811377048417
REGXAC_CREST142,WB97M-D3BJ,def2-TZVP,904.0,0.0,1.0,311.52,804.5,32.0,391923.0,-944.39424561,-943.81984302,0.07077768,-943.8906207,34.9,66.52,86.1,90.03,,-5.453897567285738
REGXAC_CREST143,WB97M-D3BJ,def2-TZVP,904.0,0.0,1.0,311.52,1446.3,8.0,141547.0,-944.41079497,-943.83413937,0.06912464,-943.90326401,52.85,58.93,77.27,87.75,,-4.463270309092741
REGXAC_CREST144,WB97M-D3BJ,def2-TZVP,904.0,0.0,1.0,311.52,234.8,16.0,1171595.0,-944.401448617243,,,,,,,,Optimization Did Not Converge,-4.908186302957263
REGXAC_CREST145,WB97M-D3BJ,def2-TZVP,904.0,0.0,1.0,311.52,1443.7,8.0,162783.0,-944.40686009,-943.83031253,0.06953236,-943.89984489,44.1,59.89,91.79,98.27,,-5.435136714808101
REGXAC_CREST146,WB97M-D3BJ,def2-TZVP,904.0,0.0,1.0,311.52,1440.0,16.0,377104.0,-944.4059864,-943.83058884,0.07024105,-943.9008299,38.84,60.56,73.58,82.71,,-4.551923559923395
REGXAC_CREST147,WB97M-D3BJ,def2-TZVP,904.0,0.0,1.0,311.52,1444.5,8.0,155517.0,-944.40573665,-943.82906235,0.06902414,-943.89808649,48.77,58.58,77.85,88.96,,-5.927613674645937
REGXAC_CREST148,WB97M-D3BJ,def2-TZVP,904.0,0.0,1.0,311.52,233.4,16.0,1051039.0,-944.415153140627,,,,,,,,Optimization Did Not Converge,-4.022484205271577
REGXAC_CREST149,WB97M-D3BJ,def2-TZVP,904.0,0.0,1.0,311.52,1442.1,16.0,162456.0,-944.39887024,-943.8239757,0.07067957,-943.89465527,39.7,64.72,71.89,87.23,,-4.20226833033667
REGXAC_CREST15,WB97M-D3BJ,def2-TZVP,904.0,0.0,1.0,311.52,235.5,16.0,1076163.0,-944.418262312948,,,,,,,,Optimization Did Not Converge,-4.380963738231136
REGXAC_CREST150,WB97M-D3BJ,def2-TZVP,904.0,0.0,1.0,311.52,803.3,32.0,303427.0,-944.40146609,-943.82704721,0.07069216,-943.89773937,48.17,63.59,82.08,98.48,,-5.305339568743579
REGXAC_CREST151,WB97M-D3BJ,def2-TZVP,904.0,0.0,1.0,311.52,1436.9,16.0,150094.0,-944.40615007,-943.82997119,0.06980929,-943.89978048,45.0,74.67,83.39,91.6,,-4.461276258463347
REGXAC_CREST152,WB97M-D3BJ,def2-TZVP,904.0,0.0,1.0,311.52,1441.8,16.0,159359.0,-944.40576852,-943.83038188,0.06966437,-943.90004625,50.18,55.63,85.1,91.36,,-6.134680892435542
REGXAC_CREST153,WB97M-D3BJ,def2-TZVP,904.0,0.0,1.0,311.52,1442.8,8.0,157853.0,-944.40660517,-943.83058077,0.0699784,-943.90055918,57.11,62.43,66.04,95.81,,-4.33147626663253
REGXAC_CREST154,WB97M-D3BJ,def2-TZVP,904.0,0.0,1.0,311.52,1449.1,8.0,153907.0,-944.39867958,-943.82404544,0.07058441,-943.89462985,45.36,61.56,83.7,92.46,,-4.567787354153672
REGXAC_CREST155,WB97M-D3BJ,def2-TZVP,904.0,0.0,1.0,311.52,1442.7,8.0,146053.0,-944.40525257,-943.83125038,0.07082445,-943.90207482,37.7,57.95,62.09,76.36,,-4.476528387390025
REGXAC_CREST156,WB97M-D3BJ,def2-TZVP,904.0,0.0,1.0,311.52,1446.0,8.0,120301.0,-944.39847209,-943.82279338,0.06993258,-943.89272596,51.29,72.02,81.43,90.32,,-4.353697114972174
REGXAC_CREST157,WB97M-D3BJ,def2-TZVP,904.0,0.0,1.0,311.52,1445.5,8.0,139656.0,-944.4001185,-943.82458679,0.06952488,-943.89411167,58.38,73.35,79.71,97.23,,-5.59191841617992
REGXAC_CREST158,WB97M-D3BJ,def2-TZVP,904.0,0.0,1.0,311.52,1441.9,8.0,166757.0,-944.40431782,-943.82875733,0.06991056,-943.89866789,43.9,65.12,83.79,95.54,,-5.571763459919606
REGXAC_CREST159,WB97M-D3BJ,def2-TZVP,904.0,0.0,1.0,311.52,1443.0,8.0,132640.0,-944.40150623,-943.82543592,0.07014675,-943.89558268,50.01,54.61,69.08,96.78,,-4.325102838602093
REGXAC_CREST16,WB97M-D3BJ,def2-TZVP,904.0,0.0,1.0,311.52,1446.2,8.0,156424.0,-944.41274774,-943.83870986,0.07042661,-943.90913647,43.71,61.52,70.21,75.89,,-5.986625867541924
REGXAC_CREST160,WB97M-D3BJ,def2-TZVP,904.0,0.0,1.0,311.52,1444.5,8.0,138894.0,-944.39800316,-943.82279013,0.06987533,-943.89266546,59.93,69.16,78.45,108.27,,-4.534768100191411
REGXAC_CREST161,WB97M-D3BJ,def2-TZVP,904.0,0.0,1.0,311.52,1436.8,16.0,2460426.0,-944.40611171,-943.83086653,0.06815246,-943.89901899,-48.67,55.32,73.42,90.51,,-5.2296939597744165
REGXAC_CREST162,WB97M-D3BJ,def2-TZVP,904.0,0.0,1.0,311.52,1439.9,8.0,144495.0,-944.40057093,-943.82601208,0.07040875,-943.89642082,49.96,72.94,79.67,90.36,,-4.651046426188309
REGXAC_CREST163,WB97M-D3BJ,def2-TZVP,904.0,0.0,1.0,311.52,1444.8,8.0,166465.0,-944.40568987,-943.83066044,0.07057359,-943.90123403,43.5,63.39,64.97,77.66,,-4.241368265800923
REGXAC_CREST164,WB97M-D3BJ,def2-TZVP,904.0,0.0,1.0,311.52,233.1,16.0,1118294.0,-944.415641661467,,,,,,,,Optimization Did Not Converge,-4.465222911431294
REGXAC_CREST165,WB97M-D3BJ,def2-TZVP,904.0,0.0,1.0,311.52,1444.3,8.0,130677.0,-944.40356131,-943.8278153,0.06923016,-943.89704546,47.75,56.2,76.22,88.31,,-5.000756965696246
REGXAC_CREST166,WB97M-D3BJ,def2-TZVP,904.0,0.0,1.0,311.52,1443.3,8.0,145017.0,-944.39468201,-943.81952203,0.07031171,-943.88983374,45.98,60.61,78.7,96.11,,-4.352749584343637
REGXAC_CREST167,WB97M-D3BJ,def2-TZVP,904.0,0.0,1.0,311.52,1443.3,8.0,287150.0,-944.41424734,-943.839154,0.06961259,-943.90876659,45.1,62.94,89.71,94.7,,-4.628960959917548
REGXAC_CREST168,WB97M-D3BJ,def2-TZVP,904.0,0.0,1.0,311.52,1442.5,8.0,184245.0,-944.40492053,-943.82906478,0.06960042,-943.8986652,53.15,69.26,71.64,93.75,,-4.527463766767759
REGXAC_CREST169,WB97M-D3BJ,def2-TZVP,904.0,0.0,1.0,311.52,1447.2,8.0,122513.0,-944.39859779,-943.82384825,0.06975399,-943.89360223,58.5,67.5,79.49,96.52,,-5.156601672402646
REGXAC_CREST17,WB97M-D3BJ,def2-TZVP,904.0,0.0,1.0,311.52,1444.8,8.0,135817.0,-944.40337903,-943.82822326,0.07036438,-943.89858764,37.77,50.73,80.53,82.72,,-4.4600234403071335
REGXAC_CREST170,WB97M-D3BJ,def2-TZVP,904.0,0.0,1.0,311.52,233.8,16.0,1154356.0,-944.402408396793,,,,,,,,Optimization Did Not Converge,-4.925813097152615
REGXAC_CREST171,WB97M-D3BJ,def2-TZVP,904.0,0.0,1.0,311.52,1442.6,8.0,126759.0,-944.4017624,-943.82603079,0.07020605,-943.89623684,45.72,69.11,78.75,89.46,,-4.418437135023642
REGXAC_CREST172,WB97M-D3BJ,def2-TZVP,904.0,0.0,1.0,311.52,234.7,16.0,1117582.0,-944.418048845949,,,,,,,,Optimization Did Not Converge,-4.8925805215365115
REGXAC_CREST173,WB97M-D3BJ,def2-TZVP,904.0,0.0,1.0,311.52,1447.5,8.0,168002.0,-944.40376195,-943.82804589,0.06952592,-943.89757181,50.81,72.95,80.58,93.22,,-5.900372429923108
REGXAC_CREST174,WB97M-D3BJ,def2-TZVP,904.0,0.0,1.0,311.52,232.7,16.0,1020679.0,-944.397088093227,,,,,,,,Optimization Did Not Converge,-5.188473382248709
REGXAC_CREST175,WB97M-D3BJ,def2-TZVP,904.0,0.0,1.0,311.52,1444.0,8.0,126392.0,-944.3959454,-943.82032855,0.07073241,-943.89106097,34.0,53.5,77.71,79.98,,-5.423941392484229
REGXAC_CREST176,WB97M-D3BJ,def2-TZVP,904.0,0.0,1.0,311.52,234.6,16.0,989490.0,-944.407461012906,,,,,,,,Optimization Did Not Converge,-4.532730756017147
REGXAC_CREST177,WB97M-D3BJ,def2-TZVP,904.0,0.0,1.0,311.52,1441.4,16.0,233836.0,-944.40329101,-943.8240872,0.06825573,-943.89234293,-816.45,64.87,74.77,91.93,,-5.081482829193913
REGXAC_CREST178,WB97M-D3BJ,def2-TZVP,904.0,0.0,1.0,311.52,1444.4,8.0,154120.0,-944.40452993,-943.82923247,0.07033988,-943.89957235,37.93,59.93,78.69,96.24,,-5.129156532360801
REGXAC_CREST179,WB97M-D3BJ,def2-TZVP,904.0,0.0,1.0,311.52,799.1,32.0,618944.0,-944.406693,-943.83189602,0.07088374,-943.90277976,26.79,38.73,71.62,87.88,,-5.320651063547643
REGXAC_CREST18,WB97M-D3BJ,def2-TZVP,904.0,0.0,1.0,311.52,1443.0,8.0,139450.0,-944.41374965,-943.83921661,0.07032823,-943.90954484,40.02,59.12,72.7,78.76,,-4.201189665532912
REGXAC_CREST180,WB97M-D3BJ,def2-TZVP,904.0,0.0,1.0,311.52,1440.9,8.0,179976.0,-944.39770672,-943.82210033,0.06990103,-943.89200137,39.71,68.45,74.65,102.71,,-4.5308585760433555
REGXAC_CREST181,WB97M-D3BJ,def2-TZVP,904.0,0.0,1.0,311.52,1444.8,8.0,141524.0,-944.40098799,-943.82590426,0.07087769,-943.89678195,33.99,58.23,65.38,75.82,,-4.87569720512676
REGXAC_CREST182,WB97M-D3BJ,def2-TZVP,904.0,0.0,1.0,311.52,1440.2,16.0,252004.0,-944.40287429,-943.82324318,0.06563191,-943.88887509,-349.97,-71.82,70.52,93.22,,-4.246448935084449
REGXAC_CREST183,WB97M-D3BJ,def2-TZVP,904.0,0.0,1.0,311.52,1445.8,8.0,144325.0,-944.40270613,-943.82628509,0.06988041,-943.8961655,53.2,67.85,82.83,103.66,,-4.351302933543625
REGXAC_CREST184,WB97M-D3BJ,def2-TZVP,904.0,0.0,1.0,311.52,1444.3,8.0,172556.0,-944.40928249,-943.83422919,0.06940256,-943.90363175,52.02,72.34,88.22,100.56,,-5.344776593558679
REGXAC_CREST185,WB97M-D3BJ,def2-TZVP,904.0,0.0,1.0,311.52,1444.7,8.0,143685.0,-944.40646204,-943.83171366,0.07024361,-943.90195727,53.29,61.48,64.12,105.83,,-4.601317401200181
REGXAC_CREST186,WB97M-D3BJ,def2-TZVP,904.0,0.0,1.0,311.52,235.5,16.0,893113.0,-944.418011866631,,,,,,,,Optimization Did Not Converge,-5.1544210207379235
REGXAC_CREST187,WB97M-D3BJ,def2-TZVP,904.0,0.0,1.0,311.52,1448.1,8.0,146096.0,-944.40385007,-943.82822122,0.06969127,-943.89791249,49.93,64.63,76.68,85.33,,-4.472419281836344
REGXAC_CREST188,WB97M-D3BJ,def2-TZVP,904.0,0.0,1.0,311.52,232.7,16.0,1122747.0,-944.411361937,,,,,,,,Optimization Did Not Converge,-5.973371165206613
REGXAC_CREST189,WB97M-D3BJ,def2-TZVP,904.0,0.0,1.0,311.52,1445.4,8.0,216529.0,-944.40175461,-943.82596065,0.06996377,-943.89592442,49.51,69.38,75.45,97.81,,-4.5549595583478615
REGXAC_CREST19,WB97M-D3BJ,def2-TZVP,904.0,0.0,1.0,311.52,1446.2,8.0,135176.0,-944.40794654,-943.83413097,0.07051909,-943.90465006,33.31,52.54,73.35,78.49,,-5.838921319229133
REGXAC_CREST190,WB97M-D3BJ,def2-TZVP,904.0,0.0,1.0,311.52,1443.9,8.0,159673.0,-944.41079183,-943.83464446,0.06875849,-943.90340294,50.67,72.23,79.54,101.81,,-4.709005872946937
REGXAC_CREST191,WB97M-D3BJ,def2-TZVP,904.0,0.0,1.0,311.52,1435.5,16.0,172355.0,-944.401718,-943.82742142,0.0713723,-943.89879372,30.45,38.28,66.53,73.31,,-4.777183554533281
REGXAC_CREST192,WB97M-D3BJ,def2-TZVP,904.0,0.0,1.0,311.52,233.0,16.0,944903.0,-944.411352538035,,,,,,,,Optimization Did Not Converge,-6.22634193555521
REGXAC_CREST193,WB97M-D3BJ,def2-TZVP,904.0,0.0,1.0,311.52,1446.9,8.0,169461.0,-944.40457794,-943.82994443,0.07006839,-943.90001282,53.32,59.76,80.96,94.7,,-4.702479264870053
REGXAC_CREST194,WB97M-D3BJ,def2-TZVP,904.0,0.0,1.0,311.52,1444.8,8.0,162035.0,-944.39420882,-943.81864306,0.07103445,-943.88967751,34.16,44.51,66.64,86.68,,-4.379862743744259
REGXAC_CREST195,WB97M-D3BJ,def2-TZVP,904.0,0.0,1.0,311.52,1443.9,8.0,138485.0,-944.39578532,-943.82106003,0.07057882,-943.89163885,55.59,56.25,63.58,70.15,,-4.332213312986718
REGXAC_CREST196,WB97M-D3BJ,def2-TZVP,904.0,0.0,1.0,311.52,233.9,16.0,957487.0,-944.411088123834,,,,,,,,Optimization Did Not Converge,-4.211132482731809
REGXAC_CREST197,WB97M-D3BJ,def2-TZVP,904.0,0.0,1.0,311.52,1444.3,8.0,149302.0,-944.40179345,-943.82714635,0.0700826,-943.89722895,57.1,69.2,71.65,89.47,,-4.852419468405728
REGXAC_CREST198,WB97M-D3BJ,def2-TZVP,904.0,0.0,1.0,311.52,1442.3,16.0,690093.0,-944.39653402,-943.82067276,0.07040189,-943.89107465,42.36,58.68,77.07,98.15,,-4.404162541540557
REGXAC_CREST199,WB97M-D3BJ,def2-TZVP,904.0,0.0,1.0,311.52,1442.3,8.0,143101.0,-944.39945084,-943.82435723,0.06992329,-943.89428052,59.77,68.51,77.99,92.13,,-4.707790052773061
REGXAC_CREST2,WB97M-D3BJ,def2-TZVP,904.0,0.0,1.0,311.52,1444.6,8.0,173175.0,-944.41273392,-943.83869399,0.07040973,-943.90910372,44.88,62.98,71.03,76.24,,-5.409322311291084
REGXAC_CREST20,WB97M-D3BJ,def2-TZVP,904.0,0.0,1.0,311.52,1448.0,8.0,146432.0,-944.40263897,-943.82735504,0.07016068,-943.89751572,57.84,65.25,75.41,94.17,,-4.805651218642212
REGXAC_CREST200,WB97M-D3BJ,def2-TZVP,904.0,0.0,1.0,311.52,233.6,16.0,993873.0,-944.402273610278,,,,,,,,Optimization Did Not Converge,-5.018805004639746
REGXAC_CREST201,WB97M-D3BJ,def2-TZVP,904.0,0.0,1.0,311.52,1442.6,8.0,144881.0,-944.40863949,-943.83354465,0.06943021,-943.90297486,60.59,80.96,91.46,112.93,,-4.7857853585101315
REGXAC_CREST202,WB97M-D3BJ,def2-TZVP,904.0,0.0,1.0,311.52,1447.6,8.0,128466.0,-944.39628079,-943.82174055,0.07018068,-943.89192123,66.53,69.09,86.91,94.66,,-4.98347684009145
REGXAC_CREST203,WB97M-D3BJ,def2-TZVP,904.0,0.0,1.0,311.52,1443.8,8.0,232529.0,-944.41549956,-943.83788135,0.06887994,-943.90676128,46.34,78.48,82.4,93.6,,-4.86597729167312
REGXAC_CREST204,WB97M-D3BJ,def2-TZVP,904.0,0.0,1.0,311.52,1443.7,8.0,156288.0,-944.40692019,-943.83311732,0.07096205,-943.90407936,42.85,63.27,73.87,75.43,,-4.924092786424784
REGXAC_CREST205,WB97M-D3BJ,def2-TZVP,904.0,0.0,1.0,311.52,1440.4,16.0,223770.0,-944.41578375,-943.84052847,0.06966504,-943.9101935,36.09,70.89,73.87,83.22,,-6.493461493319455
REGXAC_CREST206,WB97M-D3BJ,def2-TZVP,904.0,0.0,1.0,311.52,1437.8,16.0,810397.0,-944.40190577,-943.8187201,0.06684857,-943.88556867,-524.92,29.04,74.24,91.93,,-4.553277164794592
REGXAC_CREST207,WB97M-D3BJ,def2-TZVP,904.0,0.0,1.0,311.52,1442.5,16.0,808927.0,-944.40846593,-943.83183773,0.06849638,-943.90033412,49.54,60.89,81.26,98.06,,-5.66609222026563
REGXAC_CREST208,WB97M-D3BJ,def2-TZVP,904.0,0.0,1.0,311.52,1442.0,8.0,126422.0,-944.40103319,-943.82576619,0.07097856,-943.89674475,25.98,53.61,73.05,77.4,,-4.421802006473677
REGXAC_CREST209,WB97M-D3BJ,def2-TZVP,904.0,0.0,1.0,311.52,234.3,16.0,1044311.0,-944.410635603395,,,,,,,,Optimization Did Not Converge,-4.576991167643315
REGXAC_CREST21,WB97M-D3BJ,def2-TZVP,904.0,0.0,1.0,311.52,1443.7,8.0,177735.0,-944.41027141,-943.83573335,0.07027579,-943.90600914,47.33,64.06,65.21,70.61,,-4.699094294467924
REGXAC_CREST210,WB97M-D3BJ,def2-TZVP,904.0,0.0,1.0,311.52,232.3,16.0,1050025.0,-944.412111433535,,,,,,,,Optimization Did Not Converge,-5.061169367668302
REGXAC_CREST211,WB97M-D3BJ,def2-TZVP,904.0,0.0,1.0,311.52,1445.2,8.0,157912.0,-944.40336998,-943.82784292,0.06946724,-943.89731016,57.77,82.33,91.8,107.75,,-4.73202817381216
REGXAC_CREST212,WB97M-D3BJ,def2-TZVP,904.0,0.0,1.0,311.52,236.7,16.0,1089240.0,-944.408354676775,,,,,,,,Optimization Did Not Converge,-4.5957366814949
REGXAC_CREST213,WB97M-D3BJ,def2-TZVP,904.0,0.0,1.0,311.52,233.9,16.0,1080593.0,-944.415042979962,,,,,,,,Optimization Did Not Converge,-4.673823982516506
REGXAC_CREST214,WB97M-D3BJ,def2-TZVP,904.0,0.0,1.0,311.52,1440.5,16.0,488070.0,-944.41413539,-943.83891813,0.0699003,-943.90881843,40.1,54.47,75.91,86.34,,-5.864822844786482
REGXAC_CREST215,WB97M-D3BJ,def2-TZVP,904.0,0.0,1.0,311.52,234.0,16.0,991985.0,-944.413817273352,,,,,,,,Optimization Did Not Converge,-8.368522756711155
REGXAC_CREST216,WB97M-D3BJ,def2-TZVP,904.0,0.0,1.0,311.52,1441.2,8.0,166980.0,-944.39409534,-943.81902633,0.0708198,-943.88984613,46.97,58.16,79.19,103.37,,-5.045793637662127
REGXAC_CREST217,WB97M-D3BJ,def2-TZVP,904.0,0.0,1.0,311.52,1447.1,8.0,187467.0,-944.40204595,-943.82630471,0.06972142,-943.89602613,59.12,64.88,73.67,100.81,,-4.341842437112538
REGXAC_CREST218,WB97M-D3BJ,def2-TZVP,904.0,0.0,1.0,311.52,1442.4,8.0,156356.0,-944.40830776,-943.83171883,0.06979557,-943.9015144,48.64,65.53,82.9,89.65,,-4.501853485257438
REGXAC_CREST219,WB97M-D3BJ,def2-TZVP,904.0,0.0,1.0,311.52,1446.5,8.0,176903.0,-944.39939048,-943.82420341,0.07034222,-943.89454563,39.29,53.2,74.65,104.93,,-5.019517355768088
REGXAC_CREST22,WB97M-D3BJ,def2-TZVP,904.0,0.0,1.0,311.52,1445.4,8.0,143411.0,-944.41211267,-943.8371301,0.06977773,-943.90690782,51.32,56.66,82.79,87.94,,-4.346003659213729
REGXAC_CREST220,WB97M-D3BJ,def2-TZVP,904.0,0.0,1.0,311.52,1441.4,8.0,152846.0,-944.40233636,-943.82653897,0.07006151,-943.89660048,42.13,60.31,73.09,92.77,,-4.4924050309960455
REGXAC_CREST221,WB97M-D3BJ,def2-TZVP,904.0,0.0,1.0,311.52,236.5,16.0,1117608.0,-944.408357933935,,,,,,,,Optimization Did Not Converge,-4.375718954749431
REGXAC_CREST222,WB97M-D3BJ,def2-TZVP,904.0,0.0,1.0,311.52,1444.3,8.0,225065.0,-944.39614013,-943.82068225,0.07106399,-943.89174625,45.89,55.29,62.59,76.34,,-6.384145484647799
REGXAC_CREST223,WB97M-D3BJ,def2-TZVP,904.0,0.0,1.0,311.52,232.4,16.0,1132956.0,-944.401936523747,,,,,,,,Optimization Did Not Converge,-4.50384953767338
REGXAC_CREST224,WB97M-D3BJ,def2-TZVP,904.0,0.0,1.0,311.52,234.5,16.0,1119597.0,-944.408641413093,,,,,,,,Optimization Did Not Converge,-4.806849054312149
REGXAC_CREST225,WB97M-D3BJ,def2-TZVP,904.0,0.0,1.0,311.52,233.8,16.0,1266234.0,-944.405077421343,,,,,,,,Optimization Did Not Converge,-5.093780081875833
REGXAC_CREST226,WB97M-D3BJ,def2-TZVP,904.0,0.0,1.0,311.52,1438.7,16.0,214006.0,-944.40477715,-943.8295001,0.07031754,-943.89981763,44.96,55.07,71.3,94.04,,-4.853647525187815
REGXAC_CREST227,WB97M-D3BJ,def2-TZVP,904.0,0.0,1.0,311.52,1441.8,16.0,270078.0,-944.40863282,-943.8335937,0.06944922,-943.90304293,60.49,81.62,91.01,110.29,,-4.424352757511957
REGXAC_CREST228,WB97M-D3BJ,def2-TZVP,904.0,0.0,1.0,311.52,233.2,16.0,1282496.0,-944.407569142289,,,,,,,,Optimization Did Not Converge,-7.212175555851231
REGXAC_CREST229,WB97M-D3BJ,def2-TZVP,904.0,0.0,1.0,311.52,1444.3,8.0,234794.0,-944.40488828,-943.82946318,0.0696793,-943.89914248,57.02,72.84,77.45,92.27,,-5.198809145846413
REGXAC_CREST23,WB97M-D3BJ,def2-TZVP,904.0,0.0,1.0,311.52,1442.0,8.0,116956.0,-944.40500071,-943.82994058,0.06983435,-943.89977493,50.95,61.98,78.56,97.86,,-4.915734865197647
REGXAC_CREST230,WB97M-D3BJ,def2-TZVP,904.0,0.0,1.0,311.52,233.2,16.0,1108531.0,-944.412450886173,,,,,,,,Optimization Did Not Converge,-5.189105027742403
REGXAC_CREST231,WB97M-D3BJ,def2-TZVP,904.0,0.0,1.0,311.52,1445.3,8.0,171377.0,-944.40704836,-943.83209194,0.06996531,-943.90205725,39.45,78.57,89.81,97.69,,-4.451567246495325
REGXAC_CREST232,WB97M-D3BJ,def2-TZVP,904.0,0.0,1.0,311.52,1437.7,8.0,142083.0,-944.39484828,-943.8198099,0.07065631,-943.89046621,32.7,66.86,70.09,89.5,,-5.256051817373016
REGXAC_CREST233,WB97M-D3BJ,def2-TZVP,904.0,0.0,1.0,311.52,1446.2,8.0,148189.0,-944.39850403,-943.82278127,0.070048,-943.89282927,37.64,70.71,77.23,86.55,,-4.394118537906227
REGXAC_CREST234,WB97M-D3BJ,def2-TZVP,904.0,0.0,1.0,311.52,236.3,16.0,1093714.0,-944.404775442568,,,,,,,,Optimization Did Not Converge,-4.498489701330223
REGXAC_CREST235,WB97M-D3BJ,def2-TZVP,904.0,0.0,1.0,311.52,1447.7,8.0,139895.0,-944.39719025,-943.82180791,0.07025246,-943.89206037,42.57,56.48,73.05,87.63,,-4.367536581117652
REGXAC_CREST236,WB97M-D3BJ,def2-TZVP,904.0,0.0,1.0,311.52,232.5,16.0,965685.0,-944.408512532009,,,,,,,,Optimization Did Not Converge,-4.643793709269004
REGXAC_CREST237,WB97M-D3BJ,def2-TZVP,904.0,0.0,1.0,311.52,1442.9,8.0,167412.0,-944.39776912,-943.82232668,0.07010048,-943.89242716,39.2,60.18,73.54,101.56,,-4.501063125901592
REGXAC_CREST238,WB97M-D3BJ,def2-TZVP,904.0,0.0,1.0,311.52,1445.8,8.0,189867.0,-944.40204781,-943.8263054,0.0697336,-943.896039,58.97,64.32,73.04,100.4,,-4.2941354608458635
REGXAC_CREST239,WB97M-D3BJ,def2-TZVP,904.0,0.0,1.0,311.52,1440.9,8.0,161169.0,-944.39928126,-943.82435638,0.07005352,-943.8944099,36.35,64.06,73.35,113.01,,-4.482355522770652
REGXAC_CREST24,WB97M-D3BJ,def2-TZVP,904.0,0.0,1.0,311.52,1445.0,8.0,100836.0,-944.40987946,-943.83341362,0.06922167,-943.9026353,61.3,73.33,94.42,108.34,,-4.150919507573662
REGXAC_CREST240,WB97M-D3BJ,def2-TZVP,904.0,0.0,1.0,311.52,1442.4,8.0,259488.0,-944.3956684,-943.81971904,0.07037156,-943.89009059,49.64,72.07,79.32,86.67,,-5.192508712427107
REGXAC_CREST241,WB97M-D3BJ,def2-TZVP,904.0,0.0,1.0,311.52,1445.8,8.0,182237.0,-944.40204759,-943.82630846,0.06972227,-943.89603073,59.1,64.92,73.77,100.78,,-4.306821534324827
REGXAC_CREST242,WB97M-D3BJ,def2-TZVP,904.0,0.0,1.0,311.52,1446.7,8.0,146003.0,-944.41020801,-943.83620077,0.07023707,-943.90643784,49.12,59.87,77.82,88.95,,-6.013390641233809
REGXAC_CREST243,WB97M-D3BJ,def2-TZVP,904.0,0.0,1.0,311.52,1447.1,8.0,162321.0,-944.40207737,-943.82581003,0.06949084,-943.89530087,45.47,72.98,80.06,103.73,,-4.322879066213198
REGXAC_CREST244,WB97M-D3BJ,def2-TZVP,904.0,0.0,1.0,311.52,235.0,16.0,1055833.0,-944.404874634927,,,,,,,,Optimization Did Not Converge,-5.282139194745895
REGXAC_CREST245,WB97M-D3BJ,def2-TZVP,904.0,0.0,1.0,311.52,1442.1,8.0,168037.0,-944.40052516,-943.8247871,0.0706266,-943.89541369,37.86,54.42,66.62,89.96,,-4.658038696012669
REGXAC_CREST246,WB97M-D3BJ,def2-TZVP,904.0,0.0,1.0,311.52,1440.1,8.0,288831.0,-944.40004139,-943.82155642,0.07018673,-943.89174316,17.64,45.07,85.42,102.05,,-4.185288987073659
REGXAC_CREST247,WB97M-D3BJ,def2-TZVP,904.0,0.0,1.0,311.52,1440.1,16.0,297504.0,-944.40382998,-943.82381577,0.06904695,-943.89286272,-388.71,35.03,44.17,74.81,,-5.203357598335579
REGXAC_CREST248,WB97M-D3BJ,def2-TZVP,904.0,0.0,1.0,311.52,1443.9,8.0,155274.0,-944.39969973,-943.82340949,0.06970442,-943.89311391,60.81,73.49,85.44,100.22,,-4.2970998228459605
REGXAC_CREST249,WB97M-D3BJ,def2-TZVP,904.0,0.0,1.0,311.52,1445.3,8.0,140850.0,-944.39672088,-943.82084494,0.07023193,-943.89107688,37.79,50.02,67.67,81.2,,-4.407567057919766
REGXAC_CREST25,WB97M-D3BJ,def2-TZVP,904.0,0.0,1.0,311.52,1446.3,8.0,470625.0,-944.40881633,-943.83304205,0.06933935,-943.90238139,48.07,71.03,81.66,85.09,,-4.681410156738207
REGXAC_CREST250,WB97M-D3BJ,def2-TZVP,904.0,0.0,1.0,311.52,1441.6,16.0,296218.0,-944.39717626,-943.82303674,0.07034538,-943.89338212,60.1,78.17,79.69,96.73,,-4.567485115186154
REGXAC_CREST251,WB97M-D3BJ,def2-TZVP,904.0,0.0,1.0,311.52,1447.2,8.0,179272.0,-944.40083457,-943.82470168,0.06971454,-943.89441622,47.99,60.64,84.6,101.2,,-4.4028727201097
REGXAC_CREST252,WB97M-D3BJ,def2-TZVP,904.0,0.0,1.0,311.52,801.1,32.0,199704.0,-944.40149284,-943.82670161,0.07066115,-943.89736276,36.69,45.01,70.28,74.82,,-5.719902572302102
REGXAC_CREST253,WB97M-D3BJ,def2-TZVP,904.0,0.0,1.0,311.52,1448.0,8.0,138820.0,-944.39594311,-943.82146499,0.07024221,-943.8917072,33.26,69.01,77.82,83.48,,-4.973429448033232
REGXAC_CREST254,WB97M-D3BJ,def2-TZVP,904.0,0.0,1.0,311.52,1446.6,8.0,159411.0,-944.39651124,-943.82177257,0.07127414,-943.89304671,34.8,50.66,62.14,67.66,,-4.866332423624812
REGXAC_CREST255,WB97M-D3BJ,def2-TZVP,904.0,0.0,1.0,311.52,800.5,32.0,393384.0,-944.40949048,-943.83374114,0.07009121,-943.90383235,28.41,51.82,71.23,81.98,,-4.461649221989084
REGXAC_CREST256,WB97M-D3BJ,def2-TZVP,904.0,0.0,1.0,311.52,1444.5,8.0,136351.0,-944.40535206,-943.82916934,0.06996594,-943.89913528,54.26,63.89,66.14,99.31,,-4.3344828475827
REGXAC_CREST257,WB97M-D3BJ,def2-TZVP,904.0,0.0,1.0,311.52,1447.6,8.0,167337.0,-944.40594329,-943.83076845,0.0692612,-943.90002965,49.25,66.46,86.34,93.75,,-5.213450007815481
REGXAC_CREST258,WB97M-D3BJ,def2-TZVP,904.0,0.0,1.0,311.52,1443.5,8.0,167672.0,-944.39618455,-943.82131073,0.07064268,-943.89195341,42.54,68.31,72.78,86.5,,-5.336522170491142
REGXAC_CREST259,WB97M-D3BJ,def2-TZVP,904.0,0.0,1.0,311.52,1444.0,8.0,144265.0,-944.40365746,-943.82864561,0.06964218,-943.89828779,52.37,86.74,103.8,106.89,,-4.709837374660706
REGXAC_CREST26,WB97M-D3BJ,def2-TZVP,904.0,0.0,1.0,311.52,1445.4,8.0,119738.0,-944.41360427,-943.83879555,0.06997623,-943.90877178,42.38,60.23,76.05,83.24,,-4.590357030086051
REGXAC_CREST260,WB97M-D3BJ,def2-TZVP,904.0,0.0,1.0,311.52,1442.6,16.0,535043.0,-944.39946085,-943.82380239,0.06689376,-943.89069615,-289.96,59.28,86.2,120.09,,-4.9426734718461685
REGXAC_CREST261,WB97M-D3BJ,def2-TZVP,904.0,0.0,1.0,311.52,1443.2,8.0,144516.0,-944.39482143,-943.820498,0.06999329,-943.89049128,46.22,62.7,68.28,99.3,,-5.411362603294517
REGXAC_CREST262,WB97M-D3BJ,def2-TZVP,904.0,0.0,1.0,311.52,1445.4,8.0,173405.0,-944.4001931,-943.82424645,0.07025768,-943.89450413,45.91,57.93,66.14,78.49,,-4.345959677520365
REGXAC_CREST263,WB97M-D3BJ,def2-TZVP,904.0,0.0,1.0,311.52,1447.7,8.0,154982.0,-944.39979324,-943.82450868,0.0704861,-943.89499478,31.82,69.42,70.58,92.39,,-4.434657692409001
REGXAC_CREST264,WB97M-D3BJ,def2-TZVP,904.0,0.0,1.0,311.52,1445.0,8.0,273387.0,-944.39701497,-943.81915611,0.06941433,-943.88857044,39.63,65.5,75.18,103.1,,-4.9116104029653584
REGXAC_CREST265,WB97M-D3BJ,def2-TZVP,904.0,0.0,1.0,311.52,1438.2,16.0,230058.0,-944.39861853,-943.82470466,0.07036336,-943.89506802,59.95,68.16,78.29,85.73,,-4.848686015904049
REGXAC_CREST266,WB97M-D3BJ,def2-TZVP,904.0,0.0,1.0,311.52,1443.5,8.0,182499.0,-944.39440979,-943.81957953,0.06990259,-943.88948211,43.03,63.28,65.56,100.54,,-5.987347486896932
REGXAC_CREST27,WB97M-D3BJ,def2-TZVP,904.0,0.0,1.0,311.52,235.3,16.0,1188746.0,-944.405656359532,,,,,,,,Optimization Did Not Converge,-4.782520906399305
REGXAC_CREST28,WB97M-D3BJ,def2-TZVP,904.0,0.0,1.0,311.52,1441.3,8.0,142553.0,-944.40561343,-943.83004922,0.06948001,-943.89952923,49.58,80.87,89.29,94.53,,-4.368459064857764
REGXAC_CREST29,WB97M-D3BJ,def2-TZVP,904.0,0.0,1.0,311.52,1442.6,8.0,139834.0,-944.40242184,-943.82757097,0.07058263,-943.8981536,52.16,55.72,78.04,84.91,,-5.963575066994669
REGXAC_CREST3,WB97M-D3BJ,def2-TZVP,904.0,0.0,1.0,311.52,1443.9,8.0,123698.0,-944.4100494,-943.83551705,0.07001184,-943.9055289,55.73,65.87,81.03,98.65,,-5.407956853892958
REGXAC_CREST30,WB97M-D3BJ,def2-TZVP,904.0,0.0,1.0,311.52,1443.8,8.0,151811.0,-944.41234398,-943.83685224,0.06999012,-943.90684236,39.2,59.93,67.21,95.86,,-4.532139557338997
REGXAC_CREST31,WB97M-D3BJ,def2-TZVP,904.0,0.0,1.0,311.52,1440.7,8.0,140599.0,-944.41048729,-943.8345957,0.06958875,-943.90418444,47.88,66.11,75.82,104.88,,-4.331835320695384
REGXAC_CREST32,WB97M-D3BJ,def2-TZVP,904.0,0.0,1.0,311.52,1442.8,8.0,154804.0,-944.40813986,-943.83355069,0.0703368,-943.90388748,37.27,69.66,87.91,98.02,,-4.413024219809486
REGXAC_CREST33,WB97M-D3BJ,def2-TZVP,904.0,0.0,1.0,311.52,1436.2,16.0,133851.0,-944.4123619,-943.83483094,0.06898031,-943.90381125,60.6,77.67,88.79,104.29,,-4.309570633483693
REGXAC_CREST34,WB97M-D3BJ,def2-TZVP,904.0,0.0,1.0,311.52,1446.1,8.0,149151.0,-944.40707202,-943.8320215,0.06972153,-943.90174303,44.37,62.45,73.7,84.03,,-6.340222683847537
REGXAC_CREST35,WB97M-D3BJ,def2-TZVP,904.0,0.0,1.0,311.52,1444.3,8.0,136918.0,-944.40361926,-943.82897807,0.07125343,-943.90023151,35.8,58.13,63.62,85.66,,-4.459409091566745
REGXAC_CREST36,WB97M-D3BJ,def2-TZVP,904.0,0.0,1.0,311.52,1446.7,8.0,141266.0,-944.4102828,-943.8363301,0.07022859,-943.90655869,48.62,58.88,79.65,91.98,,-4.503896986426401
REGXAC_CREST37,WB97M-D3BJ,def2-TZVP,904.0,0.0,1.0,311.52,1445.3,8.0,271551.0,-944.41202459,-943.83444018,0.06901798,-943.90345815,50.56,68.07,82.87,105.85,,-5.3070200149675895
REGXAC_CREST38,WB97M-D3BJ,def2-TZVP,904.0,0.0,1.0,311.52,1442.4,8.0,152687.0,-944.41124989,-943.83506125,0.06955406,-943.90461531,49.7,66.0,88.81,107.19,,-4.419210832497575
REGXAC_CREST39,WB97M-D3BJ,def2-TZVP,904.0,0.0,1.0,311.52,234.1,16.0,1008967.0,-944.411182662879,,,,,,,,Optimization Did Not Converge,-4.753752052641406
REGXAC_CREST4,WB97M-D3BJ,def2-TZVP,904.0,0.0,1.0,311.52,1443.3,8.0,135548.0,-944.4110455,-943.83548965,0.06973815,-943.9052278,50.75,70.65,80.31,107.32,,-4.345863483091753
REGXAC_CREST40,WB97M-D3BJ,def2-TZVP,904.0,0.0,1.0,311.52,1444.7,8.0,274137.0,-944.40939744,-943.83498762,0.07014652,-943.90513414,44.34,67.64,76.9,90.78,,-4.6102974002746695
REGXAC_CREST41,WB97M-D3BJ,def2-TZVP,904.0,0.0,1.0,311.52,1440.9,16.0,294058.0,-944.41171839,-943.83731879,0.07039105,-943.90770984,49.51,65.11,68.95,77.32,,-5.049333387506263
REGXAC_CREST42,WB97M-D3BJ,def2-TZVP,904.0,0.0,1.0,311.52,234.5,16.0,891632.0,-944.402385667445,,,,,,,,Optimization Did Not Converge,-4.155676660963599
REGXAC_CREST43,WB97M-D3BJ,def2-TZVP,904.0,0.0,1.0,311.52,232.4,16.0,961351.0,-944.411843195798,,,,,,,,Optimization Did Not Converge,-4.925750420859266
REGXAC_CREST44,WB97M-D3BJ,def2-TZVP,904.0,0.0,1.0,311.52,1441.9,8.0,158965.0,-944.40909143,-943.83335001,0.06972391,-943.90307392,53.03,75.49,85.36,99.28,,-4.265947282397436
REGXAC_CREST45,WB97M-D3BJ,def2-TZVP,904.0,0.0,1.0,311.52,1441.3,8.0,160959.0,-944.40429186,-943.82865873,0.06998877,-943.8986475,38.06,65.71,78.37,93.78,,-4.825456812983991
REGXAC_CREST46,WB97M-D3BJ,def2-TZVP,904.0,0.0,1.0,311.52,1447.6,8.0,162399.0,-944.40102709,-943.82586906,0.07017889,-943.89604795,48.5,65.69,71.86,94.9,,-4.572652004414855
REGXAC_CREST47,WB97M-D3BJ,def2-TZVP,904.0,0.0,1.0,311.52,1445.3,8.0,162545.0,-944.40941215,-943.83361739,0.06943331,-943.9030507,38.76,66.69,75.52,81.46,,-4.567521739011943
REGXAC_CREST48,WB97M-D3BJ,def2-TZVP,904.0,0.0,1.0,311.52,234.8,16.0,728420.0,-944.411129879703,,,,,,,,Optimization Did Not Converge,-4.573997532875435
REGXAC_CREST49,WB97M-D3BJ,def2-TZVP,904.0,0.0,1.0,311.52,234.8,16.0,1118550.0,-944.411178914783,,,,,,,,Optimization Did Not Converge,-4.880122471276262
REGXAC_CREST5,WB97M-D3BJ,def2-TZVP,904.0,0.0,1.0,311.52,1442.7,8.0,158583.0,-944.41271989,-943.83881815,0.07055324,-943.90937139,45.91,61.14,67.37,72.78,,-5.122254022166765
REGXAC_CREST50,WB97M-D3BJ,def2-TZVP,904.0,0.0,1.0,311.52,1440.0,8.0,162451.0,-944.40433966,-943.82893903,0.07029431,-943.89923334,31.06,69.81,73.88,90.49,,-3.920840786058423
REGXAC_CREST51,WB97M-D3BJ,def2-TZVP,904.0,0.0,1.0,311.52,1440.9,8.0,165459.0,-944.40018826,-943.8256267,0.0705713,-943.896198,39.67,57.51,75.78,85.8,,-5.702504252326227
REGXAC_CREST52,WB97M-D3BJ,def2-TZVP,904.0,0.0,1.0,311.52,1441.5,8.0,231487.0,-944.39363555,-943.81879269,0.07063211,-943.8894248,41.86,54.46,73.31,97.13,,-5.008042948539213
REGXAC_CREST53,WB97M-D3BJ,def2-TZVP,904.0,0.0,1.0,311.52,232.9,16.0,1052583.0,-944.411930844645,,,,,,,,Optimization Did Not Converge,-4.804235534033108
REGXAC_CREST54,WB97M-D3BJ,def2-TZVP,904.0,0.0,1.0,311.52,1440.9,8.0,143992.0,-944.40350864,-943.82862396,0.07098422,-943.89960818,36.6,62.89,73.89,86.97,,-4.326422616469555
REGXAC_CREST55,WB97M-D3BJ,def2-TZVP,904.0,0.0,1.0,311.52,1445.1,8.0,134312.0,-944.41002234,-943.83556182,0.07010564,-943.90566746,54.37,65.27,79.46,98.15,,-4.952315095520925
REGXAC_CREST56,WB97M-D3BJ,def2-TZVP,904.0,0.0,1.0,311.52,233.1,16.0,944370.0,-944.404453651198,,,,,,,,Optimization Did Not Converge,-5.018145503297359
REGXAC_CREST57,WB97M-D3BJ,def2-TZVP,904.0,0.0,1.0,311.52,1440.6,8.0,140647.0,-944.40037556,-943.8247838,0.07014152,-943.89492532,45.77,75.29,83.28,102.68,,-4.206755586725742
REGXAC_CREST58,WB97M-D3BJ,def2-TZVP,904.0,0.0,1.0,311.52,1440.0,8.0,147949.0,-944.40531505,-943.82993765,0.07053509,-943.90047275,28.14,47.84,66.57,98.67,,-4.560095703438224
REGXAC_CREST59,WB97M-D3BJ,def2-TZVP,904.0,0.0,1.0,311.52,234.0,16.0,960665.0,-944.41126286373,,,,,,,,Optimization Did Not Converge,-4.273665139411987
REGXAC_CREST6,WB97M-D3BJ,def2-TZVP,904.0,0.0,1.0,311.52,1445.3,8.0,137912.0,-944.41360217,-943.83874404,0.06993909,-943.90868313,43.02,62.26,76.69,83.3,,-4.470609894739244
REGXAC_CREST60,WB97M-D3BJ,def2-TZVP,904.0,0.0,1.0,311.52,1442.9,8.0,140288.0,-944.40181592,-943.82679978,0.070223,-943.89702278,50.02,60.26,73.7,78.52,,-5.5751981034128555
REGXAC_CREST61,WB97M-D3BJ,def2-TZVP,904.0,0.0,1.0,311.52,1444.6,8.0,125405.0,-944.40393696,-943.82870679,0.07021016,-943.89891695,36.94,65.65,77.69,92.93,,-4.417807492137428
REGXAC_CREST62,WB97M-D3BJ,def2-TZVP,904.0,0.0,1.0,311.52,1446.5,8.0,130446.0,-944.41179875,-943.8372597,0.07029,-943.9075497,55.68,62.5,68.19,82.1,,-4.477312490417588
REGXAC_CREST63,WB97M-D3BJ,def2-TZVP,904.0,0.0,1.0,311.52,803.0,32.0,925718.0,-944.12157393,-943.55763017,0.06703072,-943.6246609,46.68,69.9,74.89,83.04,,-4.915153446124548
REGXAC_CREST64,WB97M-D3BJ,def2-TZVP,904.0,0.0,1.0,311.52,236.2,16.0,1110466.0,-944.409818591757,,,,,,,,Optimization Did Not Converge,-4.947072395441556
REGXAC_CREST65,WB97M-D3BJ,def2-TZVP,904.0,0.0,1.0,311.52,1440.0,16.0,338282.0,-944.41583391,-943.84075368,0.07000925,-943.91076293,32.34,65.04,71.6,80.7,,-5.006857866484223
REGXAC_CREST66,WB97M-D3BJ,def2-TZVP,904.0,0.0,1.0,311.52,1446.4,8.0,133593.0,-944.40018663,-943.8258832,0.07063977,-943.89652297,41.0,66.88,78.67,91.12,,-4.629858448316931
REGXAC_CREST67,WB97M-D3BJ,def2-TZVP,904.0,0.0,1.0,311.52,1444.9,8.0,233589.0,-944.4037361,-943.82843702,0.07021133,-943.89864834,44.17,52.86,69.91,87.21,,-5.150004756663291
REGXAC_CREST68,WB97M-D3BJ,def2-TZVP,904.0,0.0,1.0,311.52,1439.7,8.0,142950.0,-944.39850546,-943.82332285,0.07003047,-943.89335332,55.03,58.49,76.25,88.31,,-5.029973304818143
REGXAC_CREST69,WB97M-D3BJ,def2-TZVP,904.0,0.0,1.0,311.52,1445.2,8.0,142462.0,-944.40455991,-943.82961745,0.07024489,-943.89986233,49.62,61.26,74.33,90.65,,-5.109518529708549
REGXAC_CREST7,WB97M-D3BJ,def2-TZVP,904.0,0.0,1.0,311.52,1445.8,8.0,149297.0,-944.41369771,-943.83924862,0.07047534,-943.90972396,37.03,57.88,71.08,77.09,,-4.346900757499388
REGXAC_CREST70,WB97M-D3BJ,def2-TZVP,904.0,0.0,1.0,311.52,1439.9,8.0,143950.0,-944.40874534,-943.83257753,0.0697162,-943.90229373,39.69,72.27,88.84,110.17,,-4.627486774924658
REGXAC_CREST71,WB97M-D3BJ,def2-TZVP,904.0,0.0,1.0,311.52,233.5,16.0,1131282.0,-944.402662699191,,,,,,,,Optimization Did Not Converge,-4.647592059706473
REGXAC_CREST72,WB97M-D3BJ,def2-TZVP,904.0,0.0,1.0,311.52,1446.0,8.0,163070.0,-944.40046892,-943.82512844,0.0705864,-943.89571484,42.1,56.98,65.58,91.52,,-5.005939762463663
REGXAC_CREST73,WB97M-D3BJ,def2-TZVP,904.0,0.0,1.0,311.52,1443.6,16.0,299601.0,-944.40537025,-943.83092138,0.07059993,-943.90152131,37.86,67.82,78.78,82.55,,-4.997553468912271
REGXAC_CREST74,WB97M-D3BJ,def2-TZVP,904.0,0.0,1.0,311.52,1446.5,8.0,152748.0,-944.39989994,-943.82392208,0.07025565,-943.89417774,50.46,62.21,69.08,102.46,,-4.196089139952831
REGXAC_CREST75,WB97M-D3BJ,def2-TZVP,904.0,0.0,1.0,311.52,802.4,32.0,1707244.0,-944.22351227,-943.65815832,0.07014737,-943.72830569,27.55,47.92,70.07,95.72,,-4.328342522796661
REGXAC_CREST76,WB97M-D3BJ,def2-TZVP,904.0,0.0,1.0,311.52,1444.0,8.0,125687.0,-944.40831187,-943.83164842,0.06913371,-943.90078213,59.82,64.17,81.33,105.46,,-4.242599288876504
REGXAC_CREST77,WB97M-D3BJ,def2-TZVP,904.0,0.0,1.0,311.52,235.4,16.0,1020653.0,-944.396493074243,,,,,,,,Optimization Did Not Converge,-5.177109006348724
REGXAC_CREST78,WB97M-D3BJ,def2-TZVP,904.0,0.0,1.0,311.52,1445.9,8.0,123254.0,-944.41191159,-943.8360382,0.06930226,-943.90534046,36.23,67.42,79.41,108.73,,-4.680435309006997
REGXAC_CREST79,WB97M-D3BJ,def2-TZVP,904.0,0.0,1.0,311.52,1441.4,8.0,128231.0,-944.40367957,-943.82791167,0.06975948,-943.89767115,58.0,68.74,75.51,95.27,,-4.699050909334513
REGXAC_CREST8,WB97M-D3BJ,def2-TZVP,904.0,0.0,1.0,311.52,1443.8,8.0,157892.0,-944.40512367,-943.82810941,0.07002773,-943.89813714,28.78,55.5,74.2,98.61,,-4.252748098326178
REGXAC_CREST80,WB97M-D3BJ,def2-TZVP,904.0,0.0,1.0,311.52,1444.3,8.0,151555.0,-944.39892353,-943.82364031,0.07036914,-943.89400945,33.32,52.88,83.46,100.18,,-4.36523459788508
REGXAC_CREST81,WB97M-D3BJ,def2-TZVP,904.0,0.0,1.0,311.52,1442.6,8.0,152768.0,-944.41173892,-943.83736667,0.07028762,-943.9076543,55.21,61.09,69.43,74.45,,-4.079278760842319
REGXAC_CREST82,WB97M-D3BJ,def2-TZVP,904.0,0.0,1.0,311.52,232.3,16.0,958064.0,-944.401882036899,,,,,,,,Optimization Did Not Converge,-5.431272410971731
REGXAC_CREST83,WB97M-D3BJ,def2-TZVP,904.0,0.0,1.0,311.52,1442.2,16.0,795194.0,-944.40622496,-943.82733062,0.06713991,-943.89447053,-557.11,54.33,78.78,91.86,,-4.158100782048697
REGXAC_CREST84,WB97M-D3BJ,def2-TZVP,904.0,0.0,1.0,311.52,1441.5,16.0,575864.0,-944.40310184,-943.82707466,0.067601,-943.89467566,-383.56,-1.28,53.35,59.13,,-5.294584566075902
REGXAC_CREST85,WB97M-D3BJ,def2-TZVP,904.0,0.0,1.0,311.52,1440.3,16.0,557075.0,-944.40576657,-943.83087761,0.07077941,-943.90165701,36.22,48.12,65.8,71.45,,-4.6486613573858655
REGXAC_CREST86,WB97M-D3BJ,def2-TZVP,904.0,0.0,1.0,311.52,1442.8,8.0,152119.0,-944.40229732,-943.82693388,0.06988708,-943.89682096,33.26,61.72,80.99,103.45,,-4.811248203257555
REGXAC_CREST87,WB97M-D3BJ,def2-TZVP,904.0,0.0,1.0,311.52,1437.7,16.0,452556.0,-944.40352494,-943.8288891,0.07115497,-943.90004407,28.65,48.64,72.23,77.31,,-4.978860619200855
REGXAC_CREST88,WB97M-D3BJ,def2-TZVP,904.0,0.0,1.0,311.52,1442.4,8.0,227543.0,-944.40567303,-943.82934218,0.06904439,-943.89838657,63.44,67.89,87.37,98.98,,-5.404231691207434
REGXAC_CREST89,WB97M-D3BJ,def2-TZVP,904.0,0.0,1.0,311.52,1444.4,8.0,135754.0,-944.4099908,-943.83382995,0.06952402,-943.90335397,49.12,64.65,77.74,105.95,,-4.378237192859494
REGXAC_CREST9,WB97M-D3BJ,def2-TZVP,904.0,0.0,1.0,311.52,1443.8,8.0,114012.0,-944.41360965,-943.83889203,0.07002408,-943.90891611,44.85,55.63,72.53,80.39,,-5.351155473157625
REGXAC_CREST90,WB97M-D3BJ,def2-TZVP,904.0,0.0,1.0,311.52,234.6,16.0,939296.0,-944.402211600884,,,,,,,,Optimization Did Not Converge,-4.671159716017884
REGXAC_CREST91,WB97M-D3BJ,def2-TZVP,904.0,0.0,1.0,311.52,1439.0,16.0,273577.0,-944.40912212,-943.83404365,0.0701505,-943.90419415,41.25,62.68,75.04,90.85,,-5.279112245727611
REGXAC_CREST92,WB97M-D3BJ,def2-TZVP,904.0,0.0,1.0,311.52,1443.8,8.0,160447.0,-944.39685864,-943.82239273,0.07046069,-943.89285342,42.17,64.38,81.85,91.14,,-5.515717570635366
REGXAC_CREST93,WB97M-D3BJ,def2-TZVP,904.0,0.0,1.0,311.52,1445.1,8.0,131200.0,-944.41206892,-943.83446937,0.06894803,-943.9034174,55.66,71.86,84.64,105.3,,-4.234794418047535
REGXAC_CREST94,WB97M-D3BJ,def2-TZVP,904.0,0.0,1.0,311.52,1445.8,8.0,266875.0,-944.41090734,-943.83657125,0.07031567,-943.90688692,54.74,57.63,68.98,77.51,,-5.004009283019646
REGXAC_CREST95,WB97M-D3BJ,def2-TZVP,904.0,0.0,1.0,311.52,1446.3,8.0,139127.0,-944.40916089,-943.8328283,0.0697507,-943.902579,42.04,68.08,77.45,91.02,,-4.214319994320803
REGXAC_CREST96,WB97M-D3BJ,def2-TZVP,904.0,0.0,1.0,311.52,1443.3,16.0,703717.0,-944.41122372,-943.83344258,0.0677984,-943.90124098,-637.57,61.97,68.83,83.39,,-4.689798053350301
REGXAC_CREST97,WB97M-D3BJ,def2-TZVP,904.0,0.0,1.0,311.52,1445.1,8.0,142151.0,-944.40397991,-943.82835065,0.07005705,-943.8984077,35.61,63.14,77.54,91.34,,-4.816422617176889
REGXAC_CREST98,WB97M-D3BJ,def2-TZVP,904.0,0.0,1.0,311.52,1446.6,8.0,141474.0,-944.40072932,-943.82513096,0.07029325,-943.89542421,46.03,66.49,78.52,100.21,,-4.260162977719881
REGXAC_CREST99,WB97M-D3BJ,def2-TZVP,904.0,0.0,1.0,311.52,1444.9,8.0,141282.0,-944.4040165,-943.82851488,0.0702821,-943.89879698,30.37,63.15,72.67,89.49,,-4.972032814434351
